{"schema_version": "1.0.0", "jurisdiction": "US-NV", "state": "nevada", "state_fips": "32", "federal_circuit": "9th", "place": "list", "source": "justia_stats", "url": "https://stats.justia.com/nevada/list/", "canonical": "http://stats.justia.com/nevada/list/", "content_hash": "sha256:d70e8ed2b66cb059", "metadata": {"title": "Nevada :: US States :: US States :: Justia Inc", "description": null}, "structured": {"microdata": [], "json-ld": [], "opengraph": []}, "text_excerpt": "Log In\nSign Up\nFind a Lawyer\nAsk a Lawyer\nResearch the Law\nLaw Schools\nLaws & Regs\nNewsletters\nMarketing Solutions\nJustia Connect\nPro Membership\nPractice Membership\nPublic Membership\nJustia Lawyer Directory\nPlatinum Placements\nGold Placements\nJustia Elevate\nSEO\nWebsites\nBlogs\nJustia Amplify\nPPC Management\nGoogle Business Profile\nSocial Media\nJustia Onward Blog\nJustia\nU.S. States\nUS States\nNevada\nNevada\nAlamo\nHenderson\nPyramid Lake\nAmargosa Valley\nHigh Desert\nRalston\nAustin\nHiko\nReno\nBaker\nImlay\nRound Mountain\nBattle Mountain\nIncline Village\nRuby Valley\nBeatty\nIndian Hills\nRuth\nBeowawe\nIndian Springs\nSandy Valley\nBlue Diamond\nJackpot\nSchurz\nBoulder City\nJarbidge\nSearchlight\nBunkerville\nJean\nSilver City\nCal Nev Ari\nJohnson Lane\nSilver Springs\nCaliente\nKingsbury\nSilverpeak\nCarlin\nLamoille\nSmith\nCarson City\nLas Vegas\nSpanish Springs\nCarson Sink\nLaughlin\nSparks\nCherry Creek\nLemmon Valley-Golden Valley\nSpring Creek\nClark\nLogandale\nSpring Valley\nCold Springs\nLovelock\nStateline\nCrescent Valley\nLund\nSummerlin South\nCrystal\nLuning\nSummit Lake\nCrystal Bay\nManhattan\nSun Valley\nDayton\nMc Dermitt\nSunrise Manor\nDeeth\nMc Gill\nSutcliffe\nDenio\nMercury\nThe Lakes\nDixie Valley\nMesquite\nTonopah\nDuckwater\nMina\nTopaz Lake\nDyer\nMinden\nTuscarora\nElko\nMoapa\nValmy\nEly\nMontello\nVerdi\nEmpire\nMount Charleston\nVirginia City\nEnterprise\nMountain City\nWadsworth\nEureka\nNellis Afb\nWalker River\nFallon\nNixon\nWarm Springs-Truckee Canyon\nFernley\nNorth Las Vegas\nWashoe Valley\nGabbs\nNorth Valleys\nWellington\nGardnerville\nOrovada\nWells\nGenoa\nOverton\nWest Wendover\nGerlach\nOwyhee\nWhitney\nGlenbrook\nPahrump\nWinchester\nGolconda\nPanaca\nWinnemucca\nGoldfield\nParadise\nYerington\nGoodsprings\nParadise Valley\nYucca Flat\nHalleck\nPine Nut\nZephyr Cove\nHawthorne\nPioche", "link_count": 117, "retrieved_at": "2025-12-24T07:39:21.854853Z"}
